centro_id,centro_desc,paisl_id,regionl_id,provincial_id,tecnologia_id
1,BODEGA CENICERO,ESPAÑA,LA RIOJA,LOGROÑO,ALMACEN AUTOMATIZADO
2,BODEGA YECLA,ESPAÑA,MURCIA,MURCIA,ALMACEN MANUAL
3,BODEGA FINCA BALAGUER,ESPAÑA,COMUNIDAD VALENCIANA,ALICANTE,ALMACEN SEMIAUTOMATICO
4,BODEGA MAYORALES,ESPAÑA,CASTILLA LEON,VALLADOLID,ALMACEN SEMIAUTOMATICO
5,BODEGA HIJOS DE PEREA,ESPAÑA,CASTILLA LEON,BURGOS,ALMACEN AUTOMATIZADO
6,BODEGA AIRE SOMONTANO,ESPAÑA,ARAGON,HUESCA,ALMACEN MANUAL
7,BODEGA VINICOLAS UNIDOS,ESPAÑA,CASTILLA LEON,ZAMORA,ALMACEN MANUAL
8,BODEGA CALDOS VALDEPEÑAS,ESPAÑA,CASTILLA LA MANCHA,CIUDAD REAL,ALMACEN AUTOMATIZADO
