cliente_id,cliente_desc,agrupador_desc,canal_desc
100000,VENTAS TIENDA BODEGA CENICERO,VENTAS TIENDA BODEGA CENICERO,VENTA DIRECTA
100001,VENTAS TIENDA BODEGA YECLA,VENTAS TIENDA BODEGA YECLA,VENTA DIRECTA
100002,VENTAS TIENDA BODEGA VILLENA,VENTAS TIENDA BODEGA VILLENA,VENTA DIRECTA
100003,VENTAS TIENDA BODEGA RUEDA,VENTAS TIENDA BODEGA RUEDA,VENTA DIRECTA
100004,VENTAS TIENDA BODEGA QUINTANA,VENTAS TIENDA BODEGA QUINTANA,VENTA DIRECTA
100005,VENTAS TIENDA BODEGA BARBASTRO,VENTAS TIENDA BODEGA BARBASTRO,VENTA DIRECTA
100006,VENTAS TIENDA BODEGA TORO,VENTAS TIENDA BODEGA TORO,VENTA DIRECTA
20000001,MERCADONA PUZOL,MERCADONA SA,VENTA INTERMEDIACION PROPIA
20000002,MERCADONA ALGEMESI I,MERCADONA SA,VENTA INTERMEDIACION PROPIA
20000003,MERCADONA ALGEMESI II,MERCADONA SA,VENTA INTERMEDIACION PROPIA
20000004,MERCADONA POBLA DE VALLBONA,MERCADONA SA,VENTA INTERMEDIACION PROPIA
20000005,MERCADONA VILLENA I,MERCADONA SA,VENTA INTERMEDIACION PROPIA
20000006,MERCADONA ELDA,MERCADONA SA,VENTA INTERMEDIACION PROPIA
20000007,MERCADONA VIA PARQUE ALICANTE,MERCADONA SA,VENTA INTERMEDIACION PROPIA
20000008,MERCADONA CLUB MAR ALICANTE,MERCADONA SA,VENTA INTERMEDIACION PROPIA
20000009,MERCADONA SANT JOAN I,MERCADONA SA,VENTA INTERMEDIACION PROPIA
20000010,MERCADONA SAN VICENTE RASPEIG,MERCADONA SA,VENTA INTERMEDIACION PROPIA
20000023,LA BODEGA DE MELO,LA BODEGA DE MELO,VENTA INTERMEDIACION PROPIA
20000024,ENOTECA EL TEATRO,ENOTECA EL TEATRO,VENTA INTERMEDIACION PROPIA
20000025,VINOS Y MAS,VINOS Y MAS,VENTA INTERMEDIACION PROPIA
20000030,NOU MANOLIN,NOU MANOLIN,VENTA REPRESENTANTES
20000031,HOTEL HESPERIA ALICANTE,HOTEL HESPERIA ALICANTE,VENTA REPRESENTANTES
20000032,RESTAURANTE WARINESSY,RESTAURANTE WARINESSY,VENTA REPRESENTANTES
20000033,CATERING JUAN XXIII,CATERING JUAN XXIII,VENTA REPRESENTANTES
20000040,CARREFOUR SAN JUAN,CENTROS COMERCIALES CARREFOUR,VENTA INTERMEDIACION PROPIA
20000041,CARREFOUR FINESTRAT,CENTROS COMERCIALES CARREFOUR,VENTA INTERMEDIACION PROPIA
20000042,CARREFOUR ELCHE,CENTROS COMERCIALES CARREFOUR,VENTA INTERMEDIACION PROPIA
20000043,CARREFOUR TORREVIEJA,CENTROS COMERCIALES CARREFOUR,VENTA INTERMEDIACION PROPIA
20000044,CARREFOUR SAGUNTO,CENTROS COMERCIALES CARREFOUR,VENTA INTERMEDIACION PROPIA
900000001,ROBERTO ESPINOSA MILLA,ROBERTO ESPINOSA MILLA,VENTA CLUB VINOS
900000002,JAVIER RUIZ TABOADA,JAVIER RUIZ TABOADA,VENTA CLUB VINOS
900000003,EMILIO LEAL PEREZ,EMILIO LEAL PEREZ,VENTA CLUB VINOS
900000004,JOSE RUIZ LOPEZ,JOSE RUIZ LOPEZ,VENTA CLUB VINOS
900000005,MIGUEL LOPEZ PEREZ,MIGUEL LOPEZ PEREZ,VENTA CLUB VINOS
900000006,MARIA RODRIGUEZ HERRERA,MARIA RODRIGUEZ HERRERA,VENTA CLUB VINOS
900000007,JUAN COMODORO,JUAN COMODORO,VENTA CLUB VINOS
900000008,EVA GARCIA DE LA ROSA,EVA GARCIA DE LA ROSA,VENTA CLUB VINOS
900000010,IRENE BALLESTER,IRENE BALLESTER,VENTA CLUB VINOS
900000011,PILAR MIRAD LEAL,PILAR MIRAD LEAL,VENTA CLUB VINOS
900000012,JUAN HERNANDEZ VIDAL,JUAN HERNANDEZ VIDAL,VENTA CLUB VINOS
900000013,JAVIER SORIA BENET,JAVIER SORIA BENET,VENTA CLUB VINOS
900000014,EMILIO GARCIA SOLERA,EMILIO GARCIA SOLERA,VENTA CLUB VINOS
900000015,FRANCISCO CALATAYUD TORTOSA,FRANCISCO CALATAYUD TORTOSA,VENTA CLUB VINOS
900000016,JAVIER DOMENE PARDO,JAVIER DOMENE PARDO,VENTA CLUB VINOS
900000017,FRANCISCO ABELLAN GABALDON,FRANCISCO ABELLAN GABALDON,VENTA CLUB VINOS
900000018,JOSE BENEYTO RIPOLL,JOSE BENEYTO RIPOLL,VENTA CLUB VINOS
900000019,JUAN CALATAYUD SANZ,JUAN CALATAYUD SANZ,VENTA CLUB VINOS
900000020,JOSE ESPINOSA FRANCES,JOSE ESPINOSA FRANCES,VENTA CLUB VINOS
20000045,CARREFOUR CAMPANAR,CENTROS COMERCIALES CARREFOUR,VENTA INTERMEDIACION PROPIA
20000046,CARREFOUR ALZIRA,CENTROS COMERCIALES CARREFOUR,VENTA INTERMEDIACION PROPIA
