material_id,producto,familia_desc,denom_id,variet_id,formato_id
2021216,MONTEPERDIDO  2008,TINTO BARRICA 6M,SOMONTANO,TEMPRANILLO,BOTELLA
2021215,ELEGIDO BARRICA TORO 2008,TINTO BARRICA 6M,TORO,TEMPRANILLO,BOTELLA
2011242,EL MIRACLE D´ANNA,TINTO CRIANZA,TORO,TEMPRANILLO SYRAH,BOTELLA
2011241,VEGA SANA BRIK,ROSADO,SIN DENOMINACION,GARNACHA,TETRA BRIK
2011240,VEGA SANA  1º,ROSADO,LA MANCHA,GARNACHA,BOTELLA
2011239,CASTILLO ROSADO,ROSADO,LA MANCHA,GARNACHA,BOTELLA
2011238,EXCELSIUS SUMUN GRAN RESERVA 2000,TINTO GRAN RESERVA,RIBERA DEL DUERO,TEMPRANILLO,BOTELLA
2011237,EXCELSIUS RESERVA 2002,TINTO RESERVA,RIBERA DEL DUERO,TEMPRANILLO,BOTELLA
2011236,VIÑA DEL CID RESERVA 2004,TINTO RESERVA,RIBERA DEL DUERO,TEMPRANILLO,BOTELLA
2011235,ALTIVO RESERVA 2004,TINTO RESERVA,RIOJA,TEMPRANILLO,BOTELLA
2011234,COLEGIATA MAYOR CRIANZA 2004,TINTO CRIANZA,TORO,TINTA TORO,BOTELLA
2011233,MONTEPERDIDO CRIANZA 2006,TINTO CRIANZA,SOMONTANO,TEMPRANILLO,BOTELLA
2011232,BALAGUER SYRAH 2005,TINTO CRIANZA,ALICANTE,SYRAH ,BOTELLA
2011231,VIÑA DEL CID CRIANZA 2005,TINTO CRIANZA,RIBERA DEL DUERO,TEMPRANILLO,BOTELLA
2011230,ALTIVO CRIANZA 2006 MAGNUM,TINTO CRIANZA,RIOJA,TEMPRANILLO,MAGNUM
2011220,ALTIVO CRIANZA 2006,TINTO CRIANZA,RIOJA,TEMPRANILLO,BOTELLA
2011219,SELECCION DEL BODEGUERO,TINTO JOVEN,YECLA,MONASTRELL,TETRA BRIK
2011218,DON CASTELO,TINTO JOVEN,SIN DENOMINACION,GARNACHA,TETRA BRIK
2011217,CASTELLANO VIEJO 2008,TINTO BARRICA 6M,RIBERA DEL DUERO,TEMPRANILLO,BOTELLA
2011216,AIREN MAYOR DE YECLA 2009,BLANCO JOVEN,YECLA,AIREN,BOTELLA
2011215,AIREN MAYOR DE YECLA 2008,BLANCO JOVEN,YECLA,AIREN,BOTELLA
2011214,AIREN MAYOR DE YECLA 2009,BLANCO JOVEN,YECLA,AIREN,BOTELLA
2011213,CASTILLO VIEJO VIURA 2008,BLANCO JOVEN,ALICANTE,VIURA,BOTELLA
2011212,SINDADURA VERDEJO 2008,BLANCO JOVEN,RUEDA,VERDEJO,BOTELLA
