fecha_id,mes,trim_id,smt_id,ano_id
20091201,Diciembre,4T,2S,2009
20091202,Diciembre,4T,2S,2009
20091203,Diciembre,4T,2S,2009
20091204,Diciembre,4T,2S,2009
20091205,Diciembre,4T,2S,2009
20091206,Diciembre,4T,2S,2009
20091207,Diciembre,4T,2S,2009
20091208,Diciembre,4T,2S,2009
20091209,Diciembre,4T,2S,2009
20091210,Diciembre,4T,2S,2009
20091211,Diciembre,4T,2S,2009
20091212,Diciembre,4T,2S,2009
20091213,Diciembre,4T,2S,2009
20091214,Diciembre,4T,2S,2009
20091215,Diciembre,4T,2S,2009
20091216,Diciembre,4T,2S,2009
20091217,Diciembre,4T,2S,2009
20091218,Diciembre,4T,2S,2009
20091219,Diciembre,4T,2S,2009
20091220,Diciembre,4T,2S,2009
20091221,Diciembre,4T,2S,2009
20091222,Diciembre,4T,2S,2009
20091223,Diciembre,4T,2S,2009
20091224,Diciembre,4T,2S,2009
20091225,Diciembre,4T,2S,2009
20091226,Diciembre,4T,2S,2009
20091227,Diciembre,4T,2S,2009
20091228,Diciembre,4T,2S,2009
20091229,Diciembre,4T,2S,2009
20091230,Diciembre,4T,2S,2009
20091231,Diciembre,4T,2S,2009
